product_name,final_price,initial_price,discount,image_urls,categories,description,product_id,sku,brand,rating,review_count,available_for_pickup,available_for_delivery,aisle
Laura Mercier Caviar Stick Eye Color Sugar Frost 1.64g/0.05oz,22.9,,,"[""https://i5.walmartimages.com/seo/Laura-Mercier-Caviar-Stick-Eye-Color-Sugar-Frost-1-64g-0-05oz_55297223-7af5-4a30-83c2-4d74d08969e3.8ca12dd7578ff564b6e01923e85ffd11.jpeg"",""https://i5.walmartimages.com/asr/75b494dc-66b5-420e-829f-7d27ef56ebe0.4a47ae19dbd3851a88a2174d3c736d78.jpeg"",""https://i5.walmartimages.com/asr/96df8a6b-c641-44d0-bf1f-4433f1b3140a.4b1b5bfc9c015d738cee5cd6ad9b79f3.jpeg""]","[""Beauty"",""Makeup"",""Eye Makeup"",""Eye Shadow"",""Eye Shadow Stick""]",Laura Mercier Caviar Stick Eye Color Sugar Frost 1.64g/0.05oz Caviar Stick Eye Shadow glides seamlessly onto lids. These eyeshadows are crease transfer and smudge resistant for long lasting even color payoff in a variety of shades and finishes. This easy-to-use versatile cream eye shadow stick delivers effortless application intense buildable color and up to 12-hour long lasting wear. Pick any pigment-rich eye shadow shade in creamy shimmer matte or chrome finish. Caviar Stick Eye Color glides seamlessly onto the lids remaining crease and transfer resistant. The luxe multi-use formulation allows you to easily smudge blend line fill or define eyes so you can effortlessly create any makeup look. An array of intense shades deliver endless options for alluring eyes that stand out both day and night. Dont be afraid to be playful! Caviar Stick Eye Shadow layers easily over or under other eye shadows including powder.,173530386,173530386,Laura Mercier,4,6,FALSE,TRUE,
"Exultantex Grey Blackout Curtains for Living Room,Pom Pom Thermal Window Curtains,50""W x 95""L, 2 Panels, Rod Pocket",47.88,70.8,$22.92 ,"[""https://i5.walmartimages.com/seo/Exultantex-Grey-Blackout-Curtains-for-Living-Room-Pom-Pom-Thermal-Window-Curtains-50-W-x-95-L-2-Panels-Rod-Pocket_f89aea0d-9d30-4bce-b65e-8c15732f1ca4.b20ae059333c322a0c8ea79bd569c7c7.jpeg"",""https://i5.walmartimages.com/asr/2544de7e-8bc3-4ebe-b8c4-c4e055a0b5b1.6df8f9a242f11f1625a087a22b236ac2.jpeg"",""https://i5.walmartimages.com/asr/4f1ffaa0-9363-426c-9e8c-001aedcf9f27.dd4e24855896da561568da8021b8227b.jpeg"",""https://i5.walmartimages.com/asr/5e779599-11b2-4c81-bf4e-f99ce4b63a1a.618bb7b27645e6fe3b3e455e4512638b.jpeg"",""https://i5.walmartimages.com/asr/c2f67dfd-6500-401b-b600-165f038b93fa.046f354ab6f58b4df4ff196caca694dd.jpeg"",""https://i5.walmartimages.com/asr/bf5612fc-790a-46cb-8961-0c571202ba3b.ba9f85b15683c6dc43338c4432121301.jpeg""]","[""Home"",""Decor"",""Curtains & Window Treatments"",""Curtains"",""Blackout Curtains""]","   ✨Soft triple weave fabric with a velvet-like texture   ✨Each panel measures 50""W x 95""L, sold in a set of 2 panels   ✨Adorned with charming gray pom-pom trimmings for a cozy atmosphere   ✨Suitable for various rooms: living room, kids room, bedroom, guest room   ✨Provides noise reduction and blocks at least 81% of light and UV radiation   ✨Thermal insulated to balance room temperature and reduce energy bills   ✨Easy installation with 3-inch rod pocket header   ✨Available in multiple colors and sizes   ✨Care instructions: Do not bleach, avoid pulling off pom poms, cool iron if necessary. Machine washable in a mesh bag, no dry cleaning needed  ",430528189,430528189,Exultantex,4.6,58,FALSE,TRUE,
Jessica London Women's Plus Size Stretch Knit V-Neck Swing Tunic,33.24,37.99,$4.75 ,"[""https://i5.walmartimages.com/seo/Jessica-London-Women-s-Plus-Size-Stretch-Knit-V-Neck-Swing-Tunic-1X-Raspberry_ad301f95-eee5-46f0-a07d-84befa229aee.b557dcd55539425f75e07446439149ca.jpeg"",""https://i5.walmartimages.com/asr/9cc8c0f3-35a5-444e-a3e1-d1d3ee31179f.465173e7de8dd97e045ef9ef2045e90b.jpeg"",""https://i5.walmartimages.com/asr/f2719caa-fc07-4c86-86d0-1498fad9286d.bba99ae931b5d5db3cd1d4ea4cdbfbd4.jpeg"",""https://i5.walmartimages.com/asr/99609603-1e10-4616-8416-a7041e71b706.7f1bbc9c1b64588e4adc41ad9b07fb05.jpeg""]","[""Clothing"",""Womens Plus"",""Plus Size Tops"",""Plus Size Tops""]","Jessica London Women's Plus Size Stretch Knit V-Neck Swing Tunic .Look no further for your new favorite tunic. We updated our bestselling swing tunic with short sleeves and a V-Neckline. The trapeze silhouette is made to flatter every body, and perfectly pairs with jeans or leggings for a great everyday outfit.&nbsp; Trapeze SilhouetteV NecklineAbove Elbow Sleeves30&quot; lengthRayon/SpandexMachine wash; Imported&nbsp;. About the brand: Style To Live By. Jessica London specializes in head-to-toe women’s plus size clothing outfitting that works for you—work days, special days, every day. Our classic designs come in plus sizes for women and offer easy, day-to-night versatility. Our professional collection keeps pace with your busy life. Plus, the most covetable accessories allow you to spin your look into something totally unique. After all, you can achieve anything - if you’re dressed for it!",6013308220,6013308220,Jessica London,5,2,FALSE,TRUE,
100% Cotton King Percale Duvet Set (3 Piece) Blue Distress Tile Print by Simply Put,49.99,71.99,$22.00 ,"[""https://i5.walmartimages.com/asr/d88fe658-b9fa-48fa-ad77-456edf23b3a5_2.017c4cd5ba8d3df3f9e3863ae7811e48.jpeg"",""https://i5.walmartimages.com/asr/f2db44ea-1daf-40e1-aa8b-658911c29808_2.d7251cd68553aa01760e28d8d301a60a.jpeg"",""https://i5.walmartimages.com/asr/639407a4-4bda-4419-955c-340db34e5f0a_3.aa8e109ad507b4d5e46a102f20828bd3.jpeg"",""https://i5.walmartimages.com/asr/c0e1e842-20e4-4abb-8c85-ae8658485ee2_2.2c4ea17140c57125b73f31e90d6a994c.jpeg""]","[""Home"",""Bedding"",""Duvet Covers"",""King Duvet Covers""]","Inspired by decorative blue and white tiles, the Simply Put 100% Cotton Distress Tile Print Duvet Set is a class above the ordinary. Made using 100% cotton, this top-quality set is soft and feels smooth against the skin, ensuring a luxurious night's sleep every time you bump in. In addition, the distress tile print on one side elevates the look of your bedroom decor like none other. This top-quality duvet set is certified by Standard 100 by OEKO-TEX which means it is made in environmentally friendly facilities under safe and socially responsible working conditions for credible safety and reliability.",161657830,161657830,Simply Put,4.7,101,FALSE,TRUE,
Disney Boys Graphic Tee Donald Duck Short Sleeves T-Shirt Top Summer Outfits Clothes Sizes 3-10T,12.99,29,$16.01 ,"[""https://i5.walmartimages.com/seo/Disney-Boys-Graphic-Tee-Donald-Duck-Short-Sleeves-T-Shirt-Top-Summer-Outfits-Clothes-Sizes-3-10T_c2773cdf-d1b3-471a-9b40-20ab2d53817a.00bcaa73c02bc1af2a69dde8d6c3d28f.jpeg"",""https://i5.walmartimages.com/asr/97046742-cfde-4181-8a10-e5f76d3cb924.a3b54359c38288dac128dfe7c014d862.jpeg"",""https://i5.walmartimages.com/asr/91d4d25a-0fa3-4af2-b657-2ad8701e7ebb.6a204a5a389a196acabd2f71a974ce41.jpeg"",""https://i5.walmartimages.com/asr/724150f2-af6e-4eba-80d7-f4282be45a3e.759913b6547da88e97abb773b574a10b.jpeg"",""https://i5.walmartimages.com/asr/ab44cd47-ac11-48ee-b3e5-a851d1bb2fd1.e83900abea961679604eec45a4608f20.webp"",""https://i5.walmartimages.com/asr/8aba9b96-70db-4172-abb4-6e93bed8afb8.d24338f325a20ca9a33c948f16c118ce.jpeg""]","[""Clothing"",""Kids Clothing"",""Boys Clothing"",""Boys Outfit Sets""]","   Disney Toddler Boys Girls Graphic Tee, this short-sleeved tee is designed for girls boys and features beloved Disney characters graphic such as Mickey Mouse, Minnie Mouse, Donald Duck, and Daisy Duck.   The graphic tee has a moderate thickness, providing a balance between breathability and durability.   Suitable for various occasions, including Independence Day, Back to School, Start of School, and Thanksgiving Day, this graphic tee can be worn as part of casual summer outfits   Not See-Through: The Disney summer outfits' fabric is not see-through, ensuring your child's modesty   With its vibrant graphics and childlike design, this graphic tee captures the playful spirit of Disney and is sure to be loved by young boys   This Disney Toddler Boys girls Graphic T-shirt makes a great gift for little Disney fans  ",5397071399,5397071399,Disney,4.4,15,FALSE,TRUE,
Women's Vanity Fair 75201 Nearly Invisible Full Coverage Underwire Bra (Black 40C),28,40,$12.00 ,"[""https://i5.walmartimages.com/seo/Women-s-Vanity-Fair-75201-Nearly-Invisible-Full-Coverage-Underwire-Bra-Black-40C_66b9371f-8786-422e-a20f-dc58d9c33726.54d6e7ba62e1150e89fcff45c95f592a.jpeg"",""https://i5.walmartimages.com/asr/d7e71971-fed5-4a6d-99ef-5abe84199913.3572345eb5d53205698ae41c308ddb14.jpeg""]","[""Clothing"",""Womens Clothing"",""Womens Bras, Panties & Lingerie"",""Womens Bras"",""Underwire Bras""]","   Amazing comfort in this seamless T-shirt bra   Supportive, no-poke underwire foam-lined plunge cups   Fully adjustable stretch straps for the perfect fit   3 column, 2 row hook &amp; eye closure; may increase with size   Smooth, stretch microfiber with a shimmery finish  ",512809025,512809025,Vanity Fair,4.4,95,FALSE,TRUE,
IBTOM CASTLE Women's One Piece Rash Guard Swimsuit UV Protection Floral Printed Surfing Zipper Swimwear Bathing Suit Beachwear S Green Leaves,19.99,31.99,$12.00 ,"[""https://i5.walmartimages.com/seo/IBTOM-CASTLE-Women-s-One-Piece-Rash-Guard-Swimsuit-UV-Protection-Floral-Printed-Surfing-Zipper-Swimwear-Bathing-Suit-Beachwear-S-Green-Leaves_51122fef-9613-491a-a10e-ab00636060d3.1d7b8c779d54a268b2281f2f265095c2.jpeg"",""https://i5.walmartimages.com/asr/e6a8f3c6-6254-411c-a7f3-9272d8850859.7d67067b78bd993a26288e6e799abf25.jpeg"",""https://i5.walmartimages.com/asr/0ef4c67c-bc42-4d8c-aa7a-4a4a3ee808b0.71fdcb5734d52627413abfeee6786ae5.jpeg"",""https://i5.walmartimages.com/asr/fbb675f2-5850-4a56-9921-33d5aa44835c.202b6665c99b25bdeef7125baf78b782.jpeg"",""https://i5.walmartimages.com/asr/78c3cfdd-2655-48d1-b6d8-ea188e3040b2.defafada3e995f6d95005f13ae87cceb.jpeg"",""https://i5.walmartimages.com/asr/07b1b43c-3c35-48a6-91f0-0ce45dfaad81.1af36f036a268607da0aebfac5468e70.jpeg"",""https://i5.walmartimages.com/asr/1af00b62-88f5-4a99-b254-fa5b9fe9c538.5c4286b449ea5e4c2848b9e3fffddf47.jpeg"",""https://i5.walmartimages.com/asr/e0db8943-2001-4192-881c-8240d62e4643.e58efd91c68fee58cf5b1c20510ec873.jpeg""]","[""Clothing"",""Womens Clothing"",""Womens Swimsuits"",""Womens One-Piece Swimsuits"",""Womens One-piece Swimsuits""]","❤❤【Bathing Suit for Women】Women's rash guard swim shirt top long sleeve swimsuit surf swim rashguard shirts boyleg bottoms swimwear swimming costume, fashion surfing wetsuit snorkeling suit UV protection swimwear one piece swimsuits for women, bathing suit for women, plus size swimwear for women, swimming costumes for women, long sleeve swimsuits for women, swimwear ladies ladies swimming costume, best gifts for her, mom, wife, girlfriend, sisters.  ❤❤【Swimsuit for Women】Women's long sleeve bathing suit floral print rash guard set is made of nylon, the material is soft, lightweight, soft and stretchy to wear, close fitted to the body, no itchy to the delicate skin, won't deform, fade or shrink easily after washing, providing you with a quite comfy experience. Dressing it up, can protect your body from UV rays and biological irritants in the sea. You will be the most charming lady on the beach or in the swimming pool.  ❤❤【Rash Guard Swimwear Design】Longer length swimwear, the short sleeve or long sleeve floral print one piece swimsuit for women, one piece rash guard padded bodysuit with zipper at front, can offer enough support and protection to your bust, easy to match. Long sleeve O neck swimsuit with sexy cutout at back, can be tied a bowknot at back for a comfortable fitting. Stylish cutout at back makes you look so sexy and seductive by showing your tender parts of the beck.  ❤❤【Occasion】Womens swimming costumes one piece bathing suits, longer length swimwear swimsuit women floral rash guard are perfect for swimming, beach party, vacation, SPA, resorts, summer, volleyball sport, exercise, workout, indoor or outdoor water activities. The tankini swimming suit, ruched one piece swimsuit swimwear retro vintage bathing suit swimming costume for women is suitable for women, ladies, maternity, mom, teens and juniors, also great for big busted curvy women.  ❤❤【Select Size】Womens one piece swimsuits tankini bathing suit swimwear size in S, M, L, XL, XXL. Please refer to left size image details before purchasing. One-piece swimming costume women with floral print is vivid and colorful, suitable for beach or swimming pool. Modest bathing suit for women, one piece swimsuit for women, gives you a sexy and charming look among the people.",2749504314,2749504314,Ibtom Castle,4.3,12,FALSE,TRUE,
a.Jesdani Women's Cardigan Classic Casual Lightweight Knit Cardigan Sweaters S-XXL,22.99,25.99,$3.00 ,"[""https://i5.walmartimages.com/seo/a-Jesdani-Women-s-Cardigan-Classic-Casual-Lightweight-Knit-Cardigan-Sweaters-S-XXL_9ffcabe3-1093-45c1-9d53-88eb2b7e84b1.267ee80039d689cb99b3e82193eb15d7.jpeg"",""https://i5.walmartimages.com/asr/ac9bc7a1-27bf-4a09-b68f-d0141a49de8b.9e4a5e784784be4cc74ea8078f2c58a4.jpeg"",""https://i5.walmartimages.com/asr/226a98bf-8a00-485b-9250-747037a71fa3.f071b77a4f64a57df07dc2419e81573d.png"",""https://i5.walmartimages.com/asr/bcaa3e31-3fea-47c8-ad04-b3e493cda2e9.9f5e86aca0229296b1366037967f9c9c.png"",""https://i5.walmartimages.com/asr/8ebdb673-e385-440f-a712-7eef489e41ad.625890e116a2f9388ab00af97cc48dc6.jpeg"",""https://i5.walmartimages.com/asr/060433b0-9fe5-4025-9e81-3c210e3de473.3d4d421e729e79006c26ca29b8924fbd.jpeg"",""https://i5.walmartimages.com/asr/42d6d3da-ee40-4bd3-a6eb-670c12db4587.911670596ead58e770f5a73981535c12.jpeg"",""https://i5.walmartimages.com/asr/10cc51e2-8b43-44ab-b0c5-73807dd027ee.382e13842af4ee44dc1c09b90bad034f.jpeg""]","[""Clothing"",""Womens Clothing"",""Womens Workwear"",""Womens Workwear Sweaters""]","   This cardigan sweater is simple, casual, elegant, and suitable for any woman.   Material: 80% viscose fiber, 20% nylon, soft and comfortable fabric, light and skin-friendly   Features: This Women's Open Front Casual Long Sleeve Knit Classic Sweaters Cardigan with Pockets for women has the ribbing on the sleeves and bottom shawl collar, long sleeve, solid color, not wrinkle easily. They are lightweight for season change! The cardigans layer well with tank top, camisoles, blouse or T-shirt for a nice classic look. Knitted fabric feels luci ously soft to the touch. You could wear it to church, market, work, trip or at home. You would love it.   Mix: Open front cardigans for women fit well with tank top, casual t-shirt, jeans, dress,leggings.   Occasion: good for spring, fall ,winter. Could wear to party, dating, daily wear, office, vacation, weekend. Layer well with tank top, camisoles, blouse or T-shirt, jeans, dress,leggings.    Product Description         Tittle:a.Jesdani Women's Open Front Casual Long Sleeve Knit Classic Sweaters Cardigan with Pockets     Cardigan Sweaters for Women Clothing Care: Hand Wash, Do not use bleach, Hang dry     Type:Sweaters Cardigans     Pattern&nbsp;Type:Classic     Sleeve&nbsp;length:long&nbsp;sleeve     Womens Cardigans Long Sleeve Colors:Black, White, Navy, Heather gray, Light pink, Royal Blue, Mustard, Burgundy, Red.     Sweaters for Women Size     Small US4-6, Medium US 8-10, Large US 12-14, X-Large US 16-18.     There is 2-3% difference according to manual measurement.     Womens Sweaters Cardigans Color Disclaimer : Due to monitor settings monitor pixel definitions we cannot guarantee that the color you see on your screen as an exact color of the product.     We hope that every woman who wears ours clothes will be more confident, beautiful and happy to enjoy life. If you love this Womens Cardigan Sweaters, ”Add to Cart"" now.      ",5184785010,5184785010,a.Jesdani,4.2,336,FALSE,TRUE,
"4th of July Women’s Lounger Sleepshirt by Way To Celebrate, Sizes S to 3X",6.09,11.98,$5.89 ,"[""https://i5.walmartimages.com/seo/4th-of-July-Women-s-Lounger-Sleepshirt-by-Way-To-Celebrate-Sizes-S-to-3X_44136af5-6e4b-487f-8073-271123862f61.c806a7fe5111a72de924a49b07ef4b77.jpeg"",""https://i5.walmartimages.com/asr/1db07eb1-e03c-44e1-bbde-d9cd81c15b41.eda00f0b4069feec4a11ac5f33758b1f.jpeg"",""https://i5.walmartimages.com/asr/f1e093b9-3372-499e-bd8a-baef672068a5.2287f5947aa875ed9d0b7945ee1f50db.jpeg"",""https://i5.walmartimages.com/asr/0d725840-7917-4168-9430-321b09a2bf0a.0ff4a1e96992dca98fd102560c669ff0.jpeg""]","[""Clothing"",""Womens Clothing"",""Womens Pajamas & Loungewear"",""Womens Nightshirts & Gowns""]","You’re the queen of the comfort sleepshirt! Add this bold Lounger Sleepshirt from Way to Celebrate to your collection. Crafted in a soft blend of polyester and spandex for a soft and gentle feel against your skin for a peaceful sleep. Finished with a fun, playful graphic in an adorable V-neck style. It’s super cute and cozy for lounge about days and catching ZZZs.",5164703747,5164703747,Way To Celebrate,4.7,203,FALSE,TRUE,
"Vulcanodon Mens Pajama Set 100% Cotton, Long Sleeve Button Down PJ Set for Men Plaid Men's Sleepwear(Red Blue-Plaid, Large)",24.99,37.99,$13.00 ,"[""https://i5.walmartimages.com/seo/Vulcanodon-Mens-Pajama-Set-100-Cotton-Long-Sleeve-Button-Down-PJ-Set-for-Men-Plaid-Men-s-Sleepwear-Red-Blue-Plaid-Large_19f5ab18-9477-4d70-be8a-7b8298dcce0d.2571a25fbe8b6ebe7abafd2c59231fc6.jpeg"",""https://i5.walmartimages.com/asr/6f7883ed-6888-4c57-9070-217a3da59977.d8d618f706e648f7c00c52b21f2a6838.jpeg"",""https://i5.walmartimages.com/asr/cc42595a-d0dd-4ffb-8270-e2cc8973044f.1a580f171ac9b42d9ae4da589bab76f8.jpeg"",""https://i5.walmartimages.com/asr/8ba1762c-dde1-4e28-928f-6650f19ae723.772e34e87e7f8df735a4f9a5275ceadf.jpeg"",""https://i5.walmartimages.com/asr/620effe0-7350-4158-a26b-e4fd71fcfe37.8fdd50439f27eb5fa8adbccb4f322492.jpeg"",""https://i5.walmartimages.com/asr/3453dd0f-2deb-4602-97e7-1647eb7f9fc2.d7268692deb17434184d1fb919cdde6a.jpeg""]","[""Clothing"",""Mens Clothing"",""Mens Pajamas and Robes"",""Mens Pajama Sets""]","   Ultra Soft Material: The mens pajama set made of cotton fabric, it have super soft sense of hand ,Sweat-absorbent and breathable.SThe design of long-sleeved trousers is warm and comfortable, suitable for spring and autumn nights.The pajamas are perfect for wear morning or throughout the year when you sleep or lounging.   Classic design: The soft mens pajama sets with classic lapel and plaid design. The pjs with button front and a notch collar, chest pocket，The woven process makes the pajamas more neat and stylish，Pants have a front fly.   Perfect fit: Whatever your build or frame, the loose style sets are fit for all shapes.Soft pajama pants have an elastic waist and drawstring so you can loosen or tighten them as much as you want.You’ll love the loose fit that ensures no restriction as you relax or slumber.   Two pockets:The sleepwear for men features two roomy pockets, it can keep small items close, such us phone, keys. Once you put on this pajama set, you will enjoy the convenience of the two pockets.   Nice gift: The soft men pajamas are Perfect Gift for your father, husband，friend, It’s the most warming present for Christmas, New Year, Valentine’s Day, Father’s Day or his birthday.Giving a Surprise for him right away!  ",5155961106,5155961106,Vulcanodon,4.6,68,FALSE,TRUE,
"Grande Cosmetics GrandeLash MD Eyelash Formula, 2mL (New Packaging)",36.98,68,$31.02 ,"[""https://i5.walmartimages.com/seo/GrandeLash-MD-Serum-Lash-Enhancing-0-07-oz-3-Month-Suply_92438031-adc5-43a0-97c2-88ca22342a8b.34f0a41a8312b1077f80d9b14355007c.jpeg"",""https://i5.walmartimages.com/asr/00d74bcb-f842-41f7-9d92-eb9db528acdf.e17ce45ef0da4c744de5662b3794a65b.jpeg"",""https://i5.walmartimages.com/asr/ae8dfb47-bc8c-4c55-9532-5d861d7e2033.a644f5c6b20bda69bc430623786eb662.jpeg""]","[""Beauty"",""Makeup"",""Eye Makeup"",""Mascara"",""Eyelash Enhancer""]","Who needs false lashes when you have GrandeLash MD Lash Enhancing Serum? This eyelash serum increases both the thickness and length of your lashes to give you the look you want in just a few months.It nourishes your lashes with a combination of antioxidants, vitamins and amino acids. It is perfect for those with naturally thin or short eyelashes as well as those with damaged lashes.",908232424,908232424,Grande Cosmetics,4.6,6356,FALSE,TRUE,
nuLOOM Vintage Erline Area Rug,46.49,56.2,$9.71 ,"[""https://i5.walmartimages.com/seo/nuLOOM-Vintage-Erline-Area-Rug_ced07d55-ed2d-4dec-9020-97ce527bd5cd.bf636aba1ebb0c219e829f63320dd778.jpeg"",""https://i5.walmartimages.com/asr/4a37ab55-11ef-428f-9bb5-3b56fca2ca54.7803a0e7bfbce2c3d233bcf24250afcd.jpeg"",""https://i5.walmartimages.com/asr/ab181a16-8660-46aa-8bcf-6e18842b0364.68be090fb6fb41740d2fc737d2b0a367.jpeg"",""https://i5.walmartimages.com/asr/213bddc1-62e3-4a4c-b198-7f93caee6ec1.7d782ecddbd5d09affb0a8bdc0fa18b0.jpeg"",""https://i5.walmartimages.com/asr/28a7ece5-11be-4581-bb83-2297ed59fe74.e14c3d63bd122bad819780a37a07ca2d.jpeg"",""https://i5.walmartimages.com/asr/b4dbedd6-cc89-4ced-b445-fc15a393d5c8.5735877c5eccf88a716775fc80c31c40.jpeg"",""https://i5.walmartimages.com/asr/7010d8dc-ac95-4810-8b76-c3ae9b732c64.00d6e870fe168e33760e7f821cdf0075.jpeg"",""https://i5.walmartimages.com/asr/1460a47d-7b24-463b-9ecc-8758a50a90f5.219c8b2024540830f6fe3378298f40ed.jpeg""]","[""Home"",""Decor"",""Floor Decor""]","100% Polypropylene,100% Polypropylene, made in Turkey,Designed with resilience against everyday wear-and-tear, this rug is kid and pet friendly and perfect for high traffic areas of your home such as living room, dining room, kitchen, and hallways,Sleek and functional 0.43 pile height allows for convenient placement in entryways, underneath furniture, and will not obstruct doorways,Brimming with artistic charm, bohemian rugs help you unleash your creativity,Easy to clean and maintain, we recommend vacuuming regularly and spot treating any mild stains with carpet cleaner",904020893,904020893,nuLOOM,4.7,49,FALSE,TRUE,
Georgia Giant Work Boot Size 10.5(W),123,178.53,$55.53 ,"[""https://i5.walmartimages.com/seo/Georgia-Giant-Work-Boot-Size-10-5-W_df9f8afd-ac3e-4f43-85ea-666acfbcb2b4.fa428e726c279c5df1b560b4103e3d1f.jpeg"",""https://i5.walmartimages.com/asr/2eac0b67-6c5a-4bbc-8655-23dbcd318f05.3e0b4beb05d5182dbb3133f8fe444c09.jpeg"",""https://i5.walmartimages.com/asr/0c5b4e6b-0ef7-495a-9658-bbf75532dd48.6e6b0d0f9ff53a4c022133ecbb9ba39f.jpeg"",""https://i5.walmartimages.com/asr/e81506d4-4732-43ee-b6d6-6183a6eebb77.9b612a59f1283d03730078ea60335873.jpeg"",""https://i5.walmartimages.com/asr/197ce417-a7b2-4dc3-b5bb-84c8b55e4307.3013b66036faa793705ce5138b1f1460.jpeg"",""https://i5.walmartimages.com/asr/c1c7446c-91a6-4fc7-8a91-99447d171a65.fa966a67e0aba1ad7fe33b4278310b48.jpeg"",""https://i5.walmartimages.com/asr/a1d328fe-a4fc-441a-8d10-f1016a6becdb.38e59f6d423054a46b182f7745cdae0d.jpeg""]","[""Clothing"",""Shoes"",""Mens Shoes"",""Mens Wide Shoes""]","These boots are about comfort and quality. They're Georgia Giant Work Boots.The upper of these work boots features full-grain brown leather, a bumper guard (great for resisting abrasions) and a lace-up design that allows you to adjust the fit of the footwear for maximum comfort.The interior of the men's work boots is lined; this helps maintain the interior, helps keep your feet dry and it feels soft. A steel shank gives you steady footing and supports your arches. A mesh-covered cushioned insole provides comfort to your feet throughout the day.The footwear is built with Goodyear&reg; welt construction. This type of construction enhances the boot's strength and durability, allowing them to hold up better on the job. It also allows you to have the outsole repaired easily and inexpensively once it begins to wear down.The polyurethane Georgia Giant outsole is lightweight, supplies great cushioning and flexibility, and is resistant to chemicals and oil.If you need comfortable boots, these Georgia Boots are a great choice!",17245067,17245067,Georgia Boot,4.5,242,FALSE,TRUE,
Amay 800 Thread Count 100% Organic Cotton Short Queen Size 1PC Flat Sheet (90x102 ) Pink Striped,49.5,55,$5.50 ,"[""https://i5.walmartimages.com/seo/Amay-800-Thread-Count-100-Organic-Cotton-Short-Queen-Size-1PC-Flat-Sheet-90x102-Pink-Striped_6ddd474a-f6df-41c0-90c0-10b3f6c039c2.a08cb7e481300b72632c08ad51ef5675.jpeg"",""https://i5.walmartimages.com/asr/9361b89c-559d-4cda-922c-2cddc8624750.68f827c9522ade06c94fadb5204372ea.jpeg"",""https://i5.walmartimages.com/asr/d5fe8623-4501-4f71-8aeb-5b17ddde85f9.20fb41a392ad685ddfd3debe116880e2.jpeg"",""https://i5.walmartimages.com/asr/41943293-7f78-460a-a879-0e3bf90a3098.2d13f833e773e82c2189d38424f951f5.jpeg"",""https://i5.walmartimages.com/asr/81c8f888-1ffe-45e8-ab8c-41d497cc0889.e41fef10d819fb8bbe4ba3bfd16fa9ce.jpeg""]","[""Home"",""Bedding"",""Bed Sheets & Pillowcases"",""Colored Sheets""]","   FLAT SHEETS DIMENSION -Short Queen 1Pc Flat Sheet Only 90 wide and 102 inches long   100% ORGANIC COTTON - Certified with GOTS (Global Organic Textile Standard), fine yarn (made with long staple cotton fibers) in a single ply is used to make this amazingly soft 800 thread count fabric. Switch to non-toxic &amp; chemical free bedding that is luxurious &amp; durable.   CERTIFIED STANDARD 100 by OEKO-TEX - All our products are MADE IN GREEN and STANDARD 100 by OEKO?TEX. According to the guidelines, these products are tested for harmful substances and produced in an environmentally friendly and socially responsible manner. Each fabric batch is also tested for various durability features such as no-pilling, low shrinkage, color fastness etc., then stitched, individually inspected to be defect free and finally packed for sales   FEEL THE DIFFERENCE - Sleep better and wake up each morning feeling refreshed and full of energy. Best for any room in your house - bedroom, guest room, kids room, RV, vacation home. Great gift idea for men and women, Moms and Dads, Valentine's - Mother's - Father's Day and Christmas.   PEACE OF MIND: Our team’s first priority is keeping you happy with your purchase! We are passionate about what we do and proud of the products we offer. If you have any questions or concerns, please don’t hesitate to contact us. We will be quick to respond!  ",2363655537,2363655537,Amay's,5,8,FALSE,TRUE,
"Hard Tail Women's French Terry Sweatshirt and Pant Set, 2-Piece, Sizes S-3X",44.88,59.88,$15.00 ,"[""https://i5.walmartimages.com/seo/Hard-Tail-Women-s-French-Terry-Sweatshirt-and-Pant-Set-2-Piece-Sizes-S-3X_e9b8a0b2-b7de-4491-bd4e-973c028a8906.b1835f52e27909aeb4066120faf69eb1.jpeg"",""https://i5.walmartimages.com/asr/d4bca7fc-22cd-42d8-a6ff-c8afffb8b2d7.bb45b3bdb7b38d190f5a3726d1ff7dc8.jpeg"",""https://i5.walmartimages.com/asr/fd62f871-96b3-4cc4-b160-508d3301bc35.5ddf82a76bd218b0770cc249cd1f59f9.jpeg""]","[""Clothing"",""Womens Clothing"",""Womens Two Piece Sets""]","Stay cozy and stylish with the Hard Tail Women's French Terry Sweatshirt and Pant Set. This 2-piece set, available in sizes S to 3X, is crafted from ultra-soft French terry fabric, offering unmatched comfort for lounging or casual outings. The sweatshirt features a relaxed fit with a classic crew neckline and ribbed cuffs, while the matching pants boast an elastic waistband and tapered legs for a flattering silhouette. Perfect for mixing and matching with your wardrobe, this set provides effortless style and all-day comfort. Elevate your casual wear with this versatile and chic French terry set from Hard Tail.",5702032013,5702032013,Hard Tail,4.2,11,FALSE,TRUE,
Men's The Little Mermaid Vintage Characters  Graphic Tee Turquoise Medium,14.99,18.99,$4.00 ,"[""https://i5.walmartimages.com/seo/Men-s-The-Little-Mermaid-Vintage-Characters-Graphic-Tee-Turquoise-Medium_3797aac5-b895-49c0-a8b2-302426648d30_1.c25de960403f04ea32b746c9ec779f0a.jpeg"",""https://i5.walmartimages.com/asr/5c748775-f291-4590-b8f7-8a2cb4ea0388.09dbbe6bfc12c9151a542e7d78b2a00f.png"",""https://i5.walmartimages.com/asr/5c8dd32b-0d23-4e50-8983-b20e039bcb2a.21b1bae215e1c278be6aa8083c53aa23.png""]","[""Clothing"",""Graphics Shop"",""Graphic Tees"",""Disney Tees"",""Men's Disney Tees""]","   Enjoy comfort and fashion at the same time with this unique Men's graphic T Shirt from The Little Mermaid.   Strut your stuff with this stylish new Men's Tee Shirt that is perfect for every occasion! Featuring your favorite characters like Ariel, Flounder, King Triton, Sebastian, Ursula.   Find the perfect fit for you! Check out size charts for more information. Made from the highest quality materials on first-class digital direct-to-garment printers. *This item is made to order please consider this when ordering multiple sizes.*   Printed In the U.S.A with safe water-based inks. Easy care; machine wash cold inside out with similar colors, tumble dry low, (hang dry for best results).   Officially licensed apparel. Designed by an exclusive collaboration with top brands &amp; world-class artists.  ",781490570,781490570,The Little Mermaid,5,9,FALSE,TRUE,
Aiyino Women's High Waist Yoga Pants Tummy Control Slimming Booty Leggings Workout Running Butt Lift Tights,14.99,16.99,$2.00 ,"[""https://i5.walmartimages.com/seo/Aiyino-Women-s-High-Waist-Yoga-Pants-Tummy-Control-Slimming-Booty-Leggings-Workout-Running-Butt-Lift-Tights_dc3b201c-4258-4a18-b585-6381d38e2cfc.f6e58a5d1ef425e4ff5c02db9096b134.jpeg"",""https://i5.walmartimages.com/asr/560e5c89-0bd3-4c3b-938f-3dad30aae67a.617c71679bef38f8fbf677c03a52c268.jpeg"",""https://i5.walmartimages.com/asr/0dda600a-c933-464b-9e02-593e74adba3c.fec77ea1c8736dbc6f9866cc2a9d9b02.jpeg"",""https://i5.walmartimages.com/asr/814746ea-6837-4bd6-824f-39fa65f1d7f8.caa48a1fe33a9ca0332839e82ea84568.jpeg"",""https://i5.walmartimages.com/asr/7c69b447-8825-44a2-97fa-03546b8a6490.332b01eab2cc7b7dec0956ed1e5f09ad.jpeg""]","[""Clothing"",""Womens Clothing"",""Womens Activewear"",""Womens Workout Bottoms"",""Womens Workout Bottoms""]","   Top A+ MATERIAL- Polyester/Spandex. Smooth and Ultra-Soft Fabric that provides extreme comfort with very little weight without restriction. It gives your butt a streamlined look like a Juicy peach. Plus a butt lifting feature for a natural looking back.   BUTT LIFTING LEGGINGS - 2022 Newest Tik Tok Leggings is both affordable and accessible, perfect for fitness enthusiasts and everyday athleisure. Operating at the cross section between fashion and function. Our custom design and comfortable feel are a second skin without the worry of possible irritation or chaffing on the insides of your thighs.   All-PURPOSE PANTS - The high quality activewear is both affordable and accessible, perfect for fitness enthusiasts and everyday athleisure. Operating at the cross section between fashion and function. Our custom design and comfortable feel are a second skin without the worry of possible irritation or chaffing on the insides of your thighs. Suitable for yoga, exercise, fitness, running, any type of workout, or everyday use.   HIGH WAIST DESIGN - Using 4 way Stretch &amp; Non See-through Fabric that slims, conforms, and contours with each pose and movement. It provides lightweight comfort along with sweat absorption and moisture wicking capabilities. find. workout yoga pants designed with high-waist, tummy control wide waistband to provide a smooth secure fit and show your figure off to perfection  ",1341833689,1341833689,Aiyino,3,2,FALSE,TRUE,
Jockey Women's Rib Knit Tee,19.99,34,$14.01 ,"[""https://i5.walmartimages.com/seo/Jockey-Women-s-Rib-Knit-Tee_bdf85bc8-cb86-4dd9-9187-767547a35abb.7642045ba0d7b2802f818f5a99053f0d.jpeg"",""https://i5.walmartimages.com/asr/4d1fc3ef-319b-4cd1-bc5f-2b90685e0002.7710743601dce886bc610d9e4b4d642f.jpeg""]","[""Clothing"",""Womens Clothing"",""Womens Tops"",""Tshirts for Women"",""Tshirts for Women""]","For sunny days or just hanging around the house, the Jockey Rib Knit Tee is the top you'll always reach for. Silky-soft fabric with a bit of stretch offers a flattering fit that feels great, right down to the tag-free neckline. With a length that's just right, pair this easy tee with everything from leggings to jeans for a casual look that just works.",3813188391,3813188391,Jockey,4,86,FALSE,TRUE,
"Bare Home Cozy Fleece Sheet Set - Extra Plush Polar Fleece - Deep Pocket - Split King, Black",64.99,77.99,$13.00 ,"[""https://i5.walmartimages.com/seo/Bare-Home-Cozy-Fleece-Sheet-Set-Extra-Plush-Polar-Fleece-Deep-Pocket-Split-King-Black_192f58d3-11a4-4c8d-9e2b-cb782e236297.9b2d18407a717f44e10f99a953557d4c.jpeg"",""https://i5.walmartimages.com/asr/71b21d27-a761-4be7-93ba-923afcf3ac0f.735ef2dc2737d9cb5c998b763a751960.jpeg"",""https://i5.walmartimages.com/asr/d989e6e4-6e30-4dc0-99e8-992b276fbeaa.a5d81e1fe346d907596c93db08a90254.jpeg"",""https://i5.walmartimages.com/asr/5928362d-7184-44bb-815c-96dcbaff8cfe.4bbfee46d1294751ac2dba7401cdd36a.jpeg"",""https://i5.walmartimages.com/asr/872877e6-f5fd-47a6-9adf-9f95ba54b12e.33da36296d3ea6edffeda66cfe52c7bb.jpeg"",""https://i5.walmartimages.com/asr/8ba7684a-3c10-42f2-bda2-e4e2820a0f61.8522b0d14ca8d558c66ce757c28e3b57.jpeg"",""https://i5.walmartimages.com/asr/5db99d78-745c-45ea-8065-6441e47de5b2.87837fd5a27c9214a34a63a2fce941cf.jpeg""]","[""Home"",""Bedding"",""Bed Sheets & Pillowcases"",""Colored Sheets""]","Bare Home Cozy Fleece Sheet Set - Extra Plush Polar Fleece - Deep Pocket - Split King, Black Experience the Bare Home Cozy Fleece Sheet Set for a comfortable and cozy night's sleep. Our fleece queen bed sheets are great for wicking away moisture and humidity as well as being lightweight and breathable. Our design is pill, stain, and fade resistant. It is a great alternative for those allergic to wool and flannel sheets. The fleece&nbsp;queen fitted sheet is fully elasticized and designed to fit any mattress up to 15 inches deep. These sheets are sure to keep you warm for maximum sleep comfort on cold nights. Machine wash in cold water with similar colors. Dries quickly on tumble dry low temperature.",5292666872,5292666872,Bare Home,4.8,483,FALSE,TRUE,
Zenana Womens & Plus Stretch Cotton Foldover Waist Bootcut Workout Yoga Pants,11.89,17.99,$6.10 ,"[""https://i5.walmartimages.com/seo/Zenana-Womens-Plus-Stretch-Cotton-Foldover-Waist-Bootcut-Workout-Yoga-Pants_79f044df-5e15-487d-94c4-6036e8f2c335.5791910c2a671d0bde814367c60e19d3.jpeg"",""https://i5.walmartimages.com/asr/ce2e706a-c759-48c6-86d3-4b0ba34a957b_1.1a833b71ec4feba8cf5c6becd3945e27.jpeg"",""https://i5.walmartimages.com/asr/361269cc-4751-443a-9700-66c049899224_1.353860700fb01b8ea5f4d0da01386401.jpeg"",""https://i5.walmartimages.com/asr/2f2550d4-85c5-45e8-80d9-9e4b562158df_1.22f9420a6d78e85c5c17abf9a772b6ac.jpeg""]","[""Sports & Outdoors"",""Bikes"",""Bike Apparel & Footwear"",""Cycling Pants""]","Size Type: Zenana Womens &amp; Plus Stretch Cotton Foldover Waist Bootcut Workout Yoga Pants are in stock and ready to ship via USPS. Make sure to purchase the Zenana Womens &amp; Plus Stretch Cotton Foldover Waist Bootcut Workout Yoga Pants from ""TheLovely"" for your satisfaction and quality guaranteed. ""TheLovely"" is the only retailer that carries the legitimate Zenana Womens &amp; Plus Stretch Cotton Foldover Waist Bootcut Workout Yoga Pants at Walmart.com with free shipping and free return service at no charge. Please look out the counterfeit sold by ""Timeless Gala""  Special Style: These Fold Over Yoga Flare Pants feature High Fold Over Waistband, Flared Hemline and Pull on Closure. These Zenana's yoga flared bottom pants are contouring perfectly to your body, giving you a streamlined look. A contoured, wide waistband with flex back design follows your natural body lines and highlight your peachy hip line more effectively. These high waisted yoga pants are made from moisture-wicking and breathable fabric designed to remove moisture from your body, provide lightweight comfort along with sweat absorption and drying capabilities.  Measurement :   [S]- (Fits 2/4-6) Waist: 27in , Inseam: 32in   [M]-(Fits 6-8) Waist: 29in , Inseam: 32.5in   [L]-(Fits 10-12) Waist: 31in , Inseam: 33in   [XL]-(Fits 12-14) Waist: 33in , Inseam: 33.5in   [1X]-(Fits 14-16) Waist: 35in , Inseam: 33in   [2X]-(Fits 16-18) Waist: 37in , Inseam: 33.5in   [3X]-(Fits 18-20) Waist: 39in , Inseam: 34in  Model size : 5'3"" height, 33"" bust, 24"" waist, 34"" hip, and is wearing a size S, Fits true to Womens size, take your normal size  Material: 95% cotton 5% spandex - Incredibly soft and super comfortable. * * CHARCOAL, H BEIGE, ASH OLIVE FABRIC CONTENTS: 60% COTTON 35% POLYESTER 5% SPANDEX  Pattern: Solid  Available Size: S, M, L, XL, 1X, 2X, 3X  Feedback fro Customers *I’m very happy with these! I’m 5’9”, 160lbs and I got a medium. Fit is great! Very high waist (if you don’t fold it over) which I like. Also they are PLENTY long.  *Great fit. These pants are long - I have a 33” inseam and they fit half-inch or so long (haven’t washed them yet) but very comfortable. Will buy again * At 183 pounds and a 44-inch hips, the XL fits perfectly (I might even be able to go down a size, but I'll wait and see how drastically these shrink in the wash). They are not too thin, or too thick, they are wonderful!  Shipping: USPS Flat Shipping  Availability: In Stock! Ready to ship within 24 hours!",1897403279,1897403279,Zenana,3.7,131,FALSE,TRUE,
SONGMICS 3-Tier Shoe Rack with Shelves for Closet Entryway Black,15.99,39.99,$24.00 ,"[""https://i5.walmartimages.com/seo/SONGMICS-3-Tier-Shoe-Rack-with-Shelves-for-Closet-Entryway-Black_96cf6d35-2e48-4c59-9e02-67e317c60eb1.f89f327b9b80f7e452b570e3f1c52720.jpeg"",""https://i5.walmartimages.com/asr/3543fc8c-b462-409e-8fc1-4b93dc34b5bf.563f58c34be765d3fb578af500062ad9.jpeg"",""https://i5.walmartimages.com/asr/a6f1bcb9-0ade-4a14-825c-22d892e1a5d5.83d6e0eb00e2838fa0adfda041106d02.jpeg"",""https://i5.walmartimages.com/asr/3802cab7-08e9-4bd5-81ea-65996c06ee20.48ac0b5a5192928be9025aa4a0182028.jpeg"",""https://i5.walmartimages.com/asr/25fcf331-ff69-46c6-8b9f-c0507b46bb17.683e3fce17d02beb85675726af44349d.jpeg"",""https://i5.walmartimages.com/asr/fb632bab-de3f-4069-8ae4-d9d8d70ed97b.f5958fbb1a0634be08fbe8996b8ceb63.jpeg"",""https://i5.walmartimages.com/asr/01dd5dc0-b704-40b0-aaf5-8d1dcb72bab6.4bfd08dcf706c76830e67a4576c3d1d0.jpeg"",""https://i5.walmartimages.com/asr/df621248-425a-43cc-8757-c0265f88182c.af87afe421bee4352d39ec825acc4925.jpeg"",""https://i5.walmartimages.com/asr/47877094-9832-4e90-a33e-bc25c22ce64d.9263b2729ae84fe9184383c173cfcb77.jpeg""]","[""Home"",""Storage & Organization"",""Closet Organizers"",""shoe storage"",""Shoe Racks""]","   Non-Woven fabric, metal tube, plastic connector   With a length of 38.8'', 4-5 pairs of shoes can comfortably sit on each shelf, totaling to 12-15 pairs. The 6.7'' spacing between the shelves allows you to store any type of footwear, from sneakers to high heels   Parts separated in different bags, labeled parts, and clear instructions provide you with everything you need to put this 3-tier shoe rack together quickly and easily   Constructed with non-woven fabric shelves, metal tube frames, and sturdy plastic connectors, this shoe rack is lightweight yet strong to hold up to 11 lb. Per tier   This slim, vertical shoe rack maximizes your storage space in the entryway or closet while minimizing floor space, making it ideal for small spaces  ",2138573500,2138573500,SONGMICS,4.4,58,FALSE,TRUE,
MOSHU Summer Womens Tank Tops U Neck Casual Flowy Sleeveless Shirts for Women,13.99,35.99,$22.00 ,"[""https://i5.walmartimages.com/seo/MOSHU-Summer-Womens-Tank-Tops-U-Neck-Casual-Flowy-Sleeveless-Shirts-for-Women_d89f6185-7408-4809-8abc-2fd578ae035a.d83a552d020c479c9e7bba2049c0f2fc.jpeg"",""https://i5.walmartimages.com/asr/08487133-8883-44a4-b98d-4913eea53c4f.5076f51f7385fa7ca0d736821c1c72b5.jpeg"",""https://i5.walmartimages.com/asr/85b142ee-c3bf-42ea-bf16-06dbfb42a0b8.f63ed0af0c63277a8da2d4b5ee480b34.jpeg"",""https://i5.walmartimages.com/asr/012deae3-764b-4174-9d6d-1cf800eab88e.9e837abec78a9b92b20c0bcc5c0e6344.jpeg"",""https://i5.walmartimages.com/asr/4594a5f1-46b5-4bee-9ea3-05ad1e485440.0d2ae46530b5505cfbcc3d66a19b238b.jpeg"",""https://i5.walmartimages.com/asr/bb035478-232b-4400-aa72-76aa56ee4f53.e63308058a4274c9fcaa5a5412f2a5d4.jpeg"",""https://i5.walmartimages.com/asr/adccf837-b78b-4356-ab3a-28610c53a16d.68be676975f63db1797e50eb70ec9a8f.jpeg"",""https://i5.walmartimages.com/asr/7430f70b-1bd9-49d4-8536-049d3e566af6.c158fa1a4bf5d1c3bb452569abc9a6d5.jpeg""]","[""Clothing"",""Womens Clothing"",""Womens Tops"",""Womens Tank Tops"",""Womens Tank Tops""]","MOSHU Summer Womens Tank Tops U Neck Casual Flowy Sleeveless Shirts for Women  Summer womens tank tops is a sleeveless u-neck solid color sleeveless shirts with a low cut curved hem that adds a touch of cuteness and glamour, the tunic tank tops for women is lightweight and has a comfortable fabric that is comfortable and cool in hot weather.Loose fitting style and long enough to drapes over your belly with room to spare but still looks stylish.Womens tops is sure to make a statement wherever you go. The sleeveless design ensures you stay comfortable all day, making the tank tops for women the perfect choice for hot summer days.  # Size Chart  S&nbsp; Bust 96 cm, Length 68 cm, Hem 106 cm  M&nbsp; Bust 100 cm, Length 70 cm,Hem 110 cm  L&nbsp; Bust 106 cm, Length 72 cm, Hem 116 cm  XL&nbsp; Bust 114 cm, Length 74 cm, Hem 124 cm  2XL&nbsp; Bust 124 cm, Length 76 cm,Hem 134 cm  3XL&nbsp; Bust 136 cm, Length 78 cm,Hem 146 cm  Note:  There may be 1-3cm deviation in different sizes, locations and stretch of fabrics.Size chart is for reference only; There may be a little difference with what you get.Color may be lighter or darker due to the different PC display.",5219131585,5219131585,MOSHU,4.5,1667,FALSE,TRUE,
Victorious Men's Skinny Fit Unwashed Raw Denim Jeans DL938 - Indigo - 32/30,23.93,26.95,$3.02 ,"[""https://i5.walmartimages.com/seo/Victorious-Men-s-Skinny-Fit-Unwashed-Raw-Denim-Jeans-DL938-Indigo-32-30_e5a876b3-fc35-4f23-a87d-f8fd5266f0a1.35641238d6b80ddbf3d96be00b3c8366.jpeg"",""https://i5.walmartimages.com/asr/59e57377-d3ab-4356-91f4-eb5983e06fd1.ddf66c6162bd9cd250f915f7efc4851d.jpeg"",""https://i5.walmartimages.com/asr/ad69f91d-fb67-4a40-b597-4b8716fcced2.be2786e0d098bd91692342102ef7a309.jpeg"",""https://i5.walmartimages.com/asr/f62624c6-25d8-45c9-97c2-d29d625af290.4223dda8d89e5576c9c5ef3dc16c615b.jpeg"",""https://i5.walmartimages.com/asr/4d7c9ba3-cc48-4938-8103-485ead640312.0b368e8ac190859453bdf35d0a0a9745.jpeg"",""https://i5.walmartimages.com/asr/663f763a-7c66-43b5-a8c2-3cd50c0e6cfc.96e6485ba4dbd9bb7c2c8a153b136aba.jpeg""]","[""Clothing"",""Mens Clothing"",""Mens Jeans"",""Mens Slim Fit Jeans""]","Our Victorious Men's Skinny Fit Unwashed Raw Denim Jeans are perfect for the guy who's on top of his style game. Features a cotton poly blend with added stretch to be comfortable throughout the day while being stylish and fitting. Victorious pants have a slim fit but not tight at all with the basic 5 pocket styling. The color maintains it's richness and material is durable to not rip easiliy without being stiff or scratchy. Choose a darker wash to dress up your look, or go casual with a pop of color. Whichever way you choose to wear it, you can't go wrong.     28: WAIST:(29"") HIP:(35"") THIGH:(21"") LEG OPENING:(6 1/4"")     30:WAIST:(31"") HIP:(37"") THIGH:(22"") LEG OPENING:(6 1/2"")     32:WAIST:(33"") HIP:(39"") THIGH:(23"") LEG OPENING:(6 3/4"")     34:WAIST:(35"") HIP:(41"") THIGH:(24"") LEG OPENING:(7"")     36:WAIST:(37"") HIP:(43"") THIGH:(25"") LEG OPENING:(7 1/4"")     38:WAIST:(39"") HIP:(45"") THIGH:(26"") LEG OPENING:(7 1/2"")     40:WAIST:(41"") HIP:(47"") THIGH:(27"") LEG OPENING:(7 3/4"")     42:WAIST:(43"") HIP:(49"") THIGH:(28"") LEG OPENING:(8"")    ",871530694,871530694,G-Style USA,5,1,FALSE,TRUE,
"16"" Handwoven Cotton Throw Pillow Cover with Tufted designs and Side Tassels",22.09,27.25,$5.16 ,"[""https://i5.walmartimages.com/seo/16-Handwoven-Cotton-Throw-Pillow-Cover-with-Tufted-designs-and-Side-Tassels_da1a87ba-4fe9-4ca4-a63d-a73690b8ca75.d65a3194f2f276f640145b1e65eeac28.jpeg"",""https://i5.walmartimages.com/asr/fc09105d-c9f9-4c45-8bcc-7d91f22bf33e.30120faa44ac9182ea2502dbcfced938.jpeg"",""https://i5.walmartimages.com/asr/f5059473-95a6-49c0-9918-906ea4f726e8.4c086b4723ccb553c4b880b8e62e0669.jpeg"",""https://i5.walmartimages.com/asr/03a26bc8-6a66-4d08-8738-629bebdf2dbd.c956d816a3668675989d0d86f5c4694a.jpeg"",""https://i5.walmartimages.com/asr/b23831f7-6af8-42b0-9abe-65005c46dc41.4c086b4723ccb553c4b880b8e62e0669.jpeg"",""https://i5.walmartimages.com/asr/2cd0669d-ebc7-4258-87a0-5db6d7603b4c.e37b78e170b293c03855e14f86c76247.jpeg"",""https://i5.walmartimages.com/asr/cef8cfe2-900e-4266-bab9-4b15d109a9ba.0c892b2e862a219c7f1a4529c7f5b3d7.jpeg"",""https://i5.walmartimages.com/asr/0eb5067b-d7fb-4030-b51c-1039a652c475.e37b78e170b293c03855e14f86c76247.jpeg"",""https://i5.walmartimages.com/asr/54b87515-ad43-4223-9fdb-78f8c8b15c61.30120faa44ac9182ea2502dbcfced938.jpeg"",""https://i5.walmartimages.com/asr/12a138fe-9309-4e65-902a-c73b94e5a9bd.c956d816a3668675989d0d86f5c4694a.jpeg""]","[""Home"",""Decor"",""Decorative Pillows"",""Throw Pillow Covers""]","16"" Handwoven Cotton Throw Pillow Cover with Tufted designs and Side Tassels     Size:&nbsp;16"" x 16"" square throw pillow   COMPOSITION:&nbsp;Handwoven from 100% cotton by skilled artisans for a designer look and feel   DESIGN:&nbsp;Textured front and solid backside for displaying on your sofa, couch, or bed   IDEAL:&nbsp;Ideal accent for boho, vintage, Moroccan and rustic home decor styles   FEATURES:&nbsp;Invisible back zipper is easy to open and close&nbsp;    Embrace home decor style with the Deerlux Tufted Cotton Pillow Cover. Handmade by skilled artisans&nbsp;in India, size may slightly vary. Its 100% cotton material provides a natural rustic touch and authentic Bohemian flavor. Wash on gentle cycle, cold water and hang to dry. It features tufted pattern and side tassels, making it a perfect home decor accessory for living room sofas, accent chairs, or for dressing up a bed.",891036133,891036133,Deerlux,4.4,8,FALSE,TRUE,
"X RAY JEANS Mens Five Pocket Commuter Pants, Fig, 34X32",29.99,34.99,$5.00 ,"[""https://i5.walmartimages.com/seo/X-RAY-Jeans-Men-s-Slim-Fit-Skinny-Stretch-Comfy-Denim-Colored-Jeans-Comfortable-Commuter-Pants-Commuter-12038-Fig-34W-X-32L_afc5094d-e9f8-4594-a583-a438ef32618f.bb60805676ab1d923fab886f85b371c7.jpeg"",""https://i5.walmartimages.com/asr/32c7628d-adf4-4b88-9e1f-1be5edee00d7.a3e40515b1cf550f59115f634c16154c.jpeg"",""https://i5.walmartimages.com/asr/060f4baf-90cc-4668-a916-3c7faf510bc7.1f778430819cfd560e796c5a93631ef0.jpeg"",""https://i5.walmartimages.com/asr/d8dee725-23c0-42e6-a78d-6de032bff3eb.7ac1efdb9557bdaa62dc5764275643b7.jpeg""]","[""Clothing"",""Mens Clothing"",""Mens Jeans"",""Mens Jeans""]","These colored mens jeans from XRAY are the perfect addition to any wardrobe. Their versatile design and style fused with dynamic comfort make them great to wear casually or dressed. Their stretch material gives you comfortable flex movement in complete comfort without compromising the look and style. Xray jeans for men have a variety of colors such as black jeans for men, white jeans men, blue jeans men, grey jeans men and much more to give your wardrobe a level up for style. Constructed of 99% cotton and 2% Spandex. This product features high durability cotton fibers and will not lose color over time, even after many washes. A great pair of pants to feel really relaxed in while keeping your fashion look.",1774083175,1774083175,X Ray Jeans,5,1,FALSE,TRUE,
"Exclusivo Mezcla Waffle Textured Soft Fleece Blanket, King Size Bed Blanket, Cozy Warm and Lightweight (Dark Grey, 90x104 inches)",25.99,55.98,$29.99 ,"[""https://i5.walmartimages.com/seo/Exclusivo-Mezcla-Waffle-Textured-Soft-Fleece-Blanket-King-Size-Bed-Blanket-Cozy-Warm-and-Lightweight-Dark-Grey-90x104-inches_e8bcabf6-6aec-4327-ad71-bbf3cca3991c.13532dd32b058b47be77d559c694302b.jpeg"",""https://i5.walmartimages.com/asr/140d5203-0a0b-4bdd-a205-5345fabba5aa.f9e9109c76c8d060a19db4b49d9b241b.jpeg"",""https://i5.walmartimages.com/asr/5adb6246-110b-4028-a772-0f18d1da76a9.7cfafe3ab131486247c7a7bf0e6d8ef4.jpeg"",""https://i5.walmartimages.com/asr/16757be8-1497-4c86-bd32-b2bc2da6ca0d.8de71f1905a5f4c9d28652ffc8523899.jpeg"",""https://i5.walmartimages.com/asr/14a156f7-7b47-4907-8f93-8cd1a2c126a2.54e7bb2abff0f79848007c4856bcdef8.jpeg"",""https://i5.walmartimages.com/asr/5ab3300f-75ed-4d4d-a7d5-a12c405c29d2.435fe33d46fe996703cbbbd643cc0c8f.jpeg"",""https://i5.walmartimages.com/asr/ae7ee47a-dfd1-4578-ae10-4f3efad5b8d3.ff10f799ca79f6daadcf205f4b7ae494.jpeg"",""https://i5.walmartimages.com/asr/34e1ab93-96f7-411f-bfbe-158ab3106a3c.f5c860816251f8628e9c533a2f696957.jpeg""]","[""Home"",""Bedding"",""Blankets"",""Bed Blankets""]","   Soft flannel fleece:This Blankets is made from 100% premium microfiber polyester. The elegantly designed jacquard pattern on the one side, the other side is super smooth flannel.Tightly stitching edges and strong seams make our blanket durable enough to provide you with long term use.   Versatile Usages: This premium bed blanket can be a very useful item to have on hand. Enough weight to keep you comfortable, yet light enough to keep you from breaking out in sweat, suitable for all seasons.   Durable: With the microfiber fabric and strong stitches, this plush blanket is much more durable than most other blankets,it would last a long service life at a good condition.   Decorative: Bed Blanket features a velvet touch softness with rich and inviting designs,featuring a double-faced plush with graceful luster. Easily coordinates or enhances existing bedding or home décor.   Easy Care: No need to spend special effort, this bed blanket is machine washable and dry-able and would hold up well after washing. No shrinkage, No colour fading, and No unravelling.If you have any problems, please feel free to contact us, we will try our best to satisfy you.  ",1093743201,1093743201,Exclusivo Mezcla,4.5,64,FALSE,TRUE,
Anastasia Beverly Hills Norvina PRO Pigment Eyeshadow Palette Vol 3,30,34,$4.00 ,"[""https://i5.walmartimages.com/seo/Anastasia-Beverly-Hills-Norvina-PRO-Pigment-Eyeshadow-Palette-Vol-3_68c164ad-4f08-4ebd-ada2-80c7c8b41f72.6ec6e2ed419b92253025416438782964.jpeg"",""https://i5.walmartimages.com/asr/44719ef6-2a96-4e8f-917e-015a1417b4bd.d964114592a871db5d1a115408b34a47.jpeg"",""https://i5.walmartimages.com/asr/4769353b-9704-4e60-a45e-cd552ddd468e.047fbd31f72f6799290c8c7ed9ac96f0.jpeg"",""https://i5.walmartimages.com/asr/9e5d2a99-b2ec-42cd-bc9e-b02561debfc2.e87c86e74ca89e00429b2646b977a01b.jpeg""]","[""Beauty"",""Makeup"",""All Makeup""]","Anastasia Beverly Hills ABH Norvina Pro Pigment Palette Vol. 3 is a professional-grade artistry palette featuring 25 deluxe-sized, all are high-performance shades. Oversized shadows offer limitless possibilities for your favorite makeup looks. This is the perfect palette for those who like to get truly creative with their eye makeup. This product comes in powders form, 15.75 oz. Will not clog pores, easy to wash off. This is a unisex product. To use apply colors onto eyes, face, and body using a makeup sponge, makeup brush, or fingers. Colors included range from a-1 to e-5 from the Anastasia Beverly Hills collection. This is a dermatologist tested product, cruelty free, vegan. Made without the use of gluten, parabens or phthalates.",411359040,411359040,Anastasia Confections,4.8,575,FALSE,TRUE,
"Amay 800TC Organic Cotton Twin XL Size Fitted Sheet ( 39X80 ) Fits Mattress Upto 21 inches Deep Pocket, Ivory Solid",57.6,64,$6.40 ,"[""https://i5.walmartimages.com/seo/Amay-800TC-Organic-Cotton-Twin-XL-Size-Fitted-Sheet-39X80-Fits-Mattress-Upto-21-inches-Deep-Pocket-Ivory-Solid_ce4a1f51-cf7c-4f11-be3c-3230c4bd3680.44e2b50485a6acff3aef5f2cd32a5323.jpeg"",""https://i5.walmartimages.com/asr/b8d22446-4aff-4095-8ea9-54f13778dae5.fe655945b2c9bc678ab38b9d9277f935.jpeg"",""https://i5.walmartimages.com/asr/7ec25dc8-04b1-45b1-ae65-978864a3d5c6.d96a708561c1a57be90116a96e33788c.jpeg"",""https://i5.walmartimages.com/asr/1faf452d-5dac-48cb-9dbf-674481536601.9e57147b0825f52c894ecf14a8c5d2d0.jpeg"",""https://i5.walmartimages.com/asr/3964e1f4-7b1c-4150-aad7-8e71750d14e8.e22219cf5893d6a3e35114e36bd7de9c.jpeg"",""https://i5.walmartimages.com/asr/81c8f888-1ffe-45e8-ab8c-41d497cc0889.e41fef10d819fb8bbe4ba3bfd16fa9ce.jpeg""]","[""Home"",""Bedding"",""Bed Sheets & Pillowcases"",""Cooling Sheets""]","   100% ORGANIC COTTON - Certified with GOTS (Global Organic Textile Standard), fine yarn (made with long staple cotton fibers) in a single ply is used to make this amazingly soft 800 thread count fabric. Switch to non-toxic &amp; chemical free bedding that is luxurious &amp; durable.   TWIN XL SIZE: 1Pc Fitted Sheet (39"" x 80"") Fits Mattresses Upto 21 inches Deep Pocket With Elastic All Around the Fitted Sheet !!   MATERIAL &amp; WEAVE: 100% Organic Cotton procured directly from farmers to make this beautiful sheet set in-house. This sheet set is made using PERCALE WEAVE, which gives the sheet crisp and cool attributes. Rest assured, a boon for folks who hate hot sleep!   CERTIFIED STANDARD 100 by OEKO-TEX - All our sheets are MADE IN GREEN and STANDARD 100 by OEKO?TEX. According to the guidelines, these products are tested for harmful substances and produced in an environmentally friendly and socially responsible manner. Each fabric batch is also tested for various durability features such as no-pilling, low shrinkage, color fastness etc., then stitched, individually inspected to be defect free and finally packed for sales   PEACE OF MIND: Our team’s first priority is keeping you happy with your purchase! We are passionate about what we do and proud of the products we offer. If you have any questions or concerns, please don’t hesitate to contact us. We will be quick to respond!   EASY HOME LAUNDRY :- Fitted sheet are machine washable in cold water.These Cotton sheet is quickly dry with fade resistance properties.Do not bleach Organic cotton sheet simple low iron required to make it perfect. Our elastic fitted sheet is easy to care and handle and feel like luxury hotel bedsheets.  ",1612728569,1612728569,Amay's,5,4,FALSE,TRUE,
LARACE Women's Plus Size Tops 3/4 Sleeve Tunic Shirts Casual Button V-neck Blouse Black 4X,19.98,23.99,$4.01 ,"[""https://i5.walmartimages.com/seo/LARACE-Women-s-Plus-Size-Tops-3-4-Sleeve-Tunic-Shirts-Casual-Button-V-neck-Blouse-Black-4X_c055384d-49e4-4530-9e88-22e6ec93bbc9.bab72ea9604d6e9383461d99ad694003.jpeg"",""https://i5.walmartimages.com/asr/05e241ab-49de-4909-abea-02e4bb52f5d2.1da5f1205a8570180d8c67d8209e7b52.jpeg"",""https://i5.walmartimages.com/asr/719f334b-6b35-4526-bb5b-4e337e1a393d.100773dfeca896152ac72648a038588d.jpeg"",""https://i5.walmartimages.com/asr/852630ae-d8c9-4ba0-aee5-fd239e2d958b.5c44e1135f9e04f2efe5035c13753f08.jpeg"",""https://i5.walmartimages.com/asr/d952b5a0-44b8-4e43-a7fd-2e3e59bb1d13.0933b66f2a23e81aba89b8d30bdd6b05.jpeg"",""https://i5.walmartimages.com/asr/7dcaeed2-9ad8-470f-b09d-62c2179b6534.c528443f2eaaa8f8f4909ae71f033ab1.jpeg"",""https://i5.walmartimages.com/asr/ef6aaf94-31d8-4f85-8b11-0af955c405a4.e9a06dec9c35c863bb6d90ea8c88d18d.jpeg""]","[""Clothing"",""Womens Plus"",""Plus Size Tops"",""Plus Size Tops""]","LARACE, the brand built in 2015. From style design, material choice to workmanship, we pay high attention on every detail, devote ourselves to provide comfortable casual clothes for women, especially for plus size women.  The strong&nbsp;design team&nbsp;always strives the unique charm on clothing and reflect ladies' individual taste in details.  The serious&nbsp;production team&nbsp;keep improving every detail, such as the fabric content, fabric thickness, stitch density, stitching way etc,.  The&nbsp;fabric sourcing team&nbsp;keep researching different fabric's features, such as weight, touching feel, shrinkage rate and durability.     90% Polyester, 10% Spandex. NOTE: size 1X is the same as size XL.   Imported   Button closure   Machine Wash   High Quality Womens Tunic Tops - 90% Polyester, 10% Spandex. LARACE plus size tops for women dressy tees are super soft, light and breathable plaid shirts for women, stretchy womens swing tops for easy wearing. LARACE plus size tunic tops for women are not easy to wrinkle and not clingy.   V Neck Womens Plus Tunic Tops - 3 buttons decorating on the neck of women tops, make the womens plaid shirt out of monotony. Classic V neck LARACE 3/4 sleeve tunics tops, tees &amp; blouses, buffalo plaid tunic with small pleats on the back, make the plus size womens tops simple but fashion.   Plus Size 3/4 Sleeve Tops For Women - The three quarter sleeves tops and blouses, loose waist women plus size clothing, long flowy hem hides belly and hips perfectly, creating particular slimming effect. Nice big womens clothes plus size women's tunics in cool season or as maternity tops.       Easy-matching Plus Size Womens Shirts - LARACE plus size shirts for women are the easy paired t shirts for women in wardrobe. Plus swing tunic tops to wear with leggings, jeans, pants, jacket, cardigan or coat. Plus size long tunics can as basic tees for a chic look in Spring/Fall/Winter.   Casual Tops For Women - Buffalo plaid shirt womens blouses style for daily wear, such as working, dating, parties, travel, family gathering. These womens plus size tops are great plaid tops autumn blouses for women, maternity work tops, or layering womens tunic tops for leggings in winter.  ",2150292673,2150292673,Larace,4.8,31,FALSE,TRUE,
